id,answer
1,"JR東日本の駅や列車内で拾得されたお忘れ物・落し物は、システムに登録のうえ一定の期間保管をし、お引取りのないものは最寄の警察署等に提出しています。 お忘れ物・落し物にお気づきの際は、以下にお問い合わせください。 （１）ＪＲ東日本の駅 　お問い合わせの際は、 　　・お忘れ物・落し物をされた日時や場所 ... 詳細表示

No：1036 公開日時：2022/12/07 10:00 更新日時：2023/11/28 10:38 カテゴリー： 忘れ物をした時"
2,"「こども用Suica」は、Suicaエリア内にある、JR東日本の駅のみどりの窓口または話せる指定席券売機（オペレーター対応による発券）でご購入ください。なお、ご購入の際には、ご利用になるお子さまの本人確認ができるもの（保険証等）をご用意ください。ご家族の方が代理でご購入いただくこともできます（代理の方がご購入の場... 詳細表示

No：1148 公開日時：2024/03/11 10:00 カテゴリー： Suicaの購入"
3,"弊社では、駅の電話番号はご案内いたしておりません。各種お問い合わせにつきましては以下の「JR東日本お問い合わせセンター」にてご案内しております。 ■「JR東日本お問い合わせセンター」 ○列車時刻、運賃・料金、空席情報案内 電話番号050-2016-1600／時間 6：00～24：00／　（かならず「... 詳細表示

No：1033 公開日時：2023/10/18 17:20 カテゴリー： その他のお問い合わせ"
4,"ビューカード、Visa、Mastercard、JCB、American Express、Diners Club、Discover、JRカードの各ブランドがついたクレジットカードをご利用いただけます。ご利用いただける箇所は、JR東日本管内のみどりの窓口や指定席券売機（紫色の券売機）、多機能券売機（黒色の券売機）とな... 詳細表示

No：1183 公開日時：2022/11/30 10:00 更新日時：2023/07/14 16:57 カテゴリー： きっぷの購入・変更・払い戻し"
5,"・新幹線や特急列車が到着時刻から2時間以上遅れた場合は、特急料金の全額を払いもどしをさせていただいております。なおこの場合、グリーン料金・グランクラス料金の払いもどしはありません。 ・2時間以上の遅れに伴う払いもどしについては、遅れが発生した日の翌日から起算して1年以内に駅の窓口にご提出いただければ払いもどしい... 詳細表示

No：1161 公開日時：2018/07/05 09:43 更新日時：2024/03/04 16:32 カテゴリー： きっぷの購入・変更・払い戻し"
6,"首都圏の主な線区では、ホームページ遅延証明書にて、初電から終電まで過去45日分の遅延証明書の発行を行っております。 首都圏以外の路線については、一部路線を除き「どこトレ」サイトで遅延証明書を発行しております。 【関連リンク】 列車運行情報サービス 遅延証明書 どこトレ 詳細表示

No：1119 公開日時：2022/04/13 18:00 更新日時：2022/07/05 13:28 カテゴリー： 運行情報・遅延証明書"
7,"以下のいずれかの可能性が考えられますので、まずはパスケース等の状態をお確かめいただき、それでもお使いになれない場合は、Suicaエリア内にあるJR東日本の駅窓口またはJR東日本の新幹線停車駅窓口までお申し出ください。（Suica一部対応駅ではお取り扱いいたしません。） ■パスケースの中に、改札機との通信を妨... 詳細表示

No：1058 公開日時：2024/03/11 10:00 カテゴリー： Suicaの利用"
8,"定期券の運賃は「ネットde定期」サービスで調べることができます。 「ネットde定期」の「定期券申込メニュー」にある、「申込・運賃の照会」をご利用ください。 なお、「ネットde定期」では、小児通学定期の運賃検索はできません。 お手数ですが、駅係員にお尋ねいただくか、JR東日本お問い合わせセンター(050-2... 詳細表示

No：1125 公開日時：2023/03/27 10:00 更新日時：2024/03/04 16:25 カテゴリー： 定期券"
9,"「はやぶさ」は東京～新青森間において車内販売を行っています。(一部車内販売を行わない列車もございます) また、車内販売では弁当類、サンドウィッチ等の取扱いはありません。取扱い品目はJR東日本サービスクリエーションのホームページをご確認ください。 なお、「はやて」「やまびこ」「なすの」については... 詳細表示

No：2986 公開日時：2023/03/27 10:00 カテゴリー： 車内設備・サービス"
10,"お忘れ物・落し物をされた方が、保管している駅までお忘れ物を受け取りに行くのが困難な場合は、着払いの宅配便でお送りすることが可能な場合もございます。 着払いによる宅配便をご希望の際は、お忘れ物・落し物をされたご本人様の公的証明書等をお持ちのうえ、お近くのＪＲの駅にご相談ください。 ※お電話（お問い合わせセンター... 詳細表示

No：1015 公開日時：2024/03/29 10:30 カテゴリー： 忘れ物を受け取る時"
11,"事前に特急券等を購入せずにSuicaのみで特急列車等にご乗車することはできません。 Suica対応の「自動券売機（緑色の券売機）」、「多機能券売機（黒色の券売機）」、「指定席券売機（紫色の券売機）」で発売可能な特急券等の購入に、Suicaのチャージ残額をご利用いただけます。 なお、JR東日本線と東武線との... 詳細表示

No：1061 公開日時：2024/03/11 10:00 更新日時：2024/03/12 14:54 カテゴリー： Suicaの利用"
12,"ＪＲ線と私鉄・地下鉄にまたがる区間を1枚の定期で発売することが可能ですが、発売できる範囲が決まっています。 個別の定期券区間につきましては、 「ネットde定期」 で検索することにより発売可否を確認することが可能です。 詳細表示

No：1005 公開日時：2021/10/25 10:00 更新日時：2024/03/04 16:02 カテゴリー： 定期券"
13,"毎年度（4月以降はじめて購入される場合）1回、学校の発行する「通学証明書」または「通学定期券購入兼用証明書」を駅係員が確認させていただいおります。 購入日と同一年度内（4月1日から翌年3月31日まで）に、現在ご利用の定期券と同一の区間・経路で、期間を継続して購入される場合は、指定席券売機（紫色の券売機）、多... 詳細表示

No：1007 公開日時：2024/03/12 10:00 更新日時：2024/03/12 14:21 カテゴリー： 定期券"
14,"満席のためグリーン車をご利用にならず普通車へ移動される場合は、車内改札前に乗務員（グリーンアテンダント）にお申し付けください。ご利用にならなかった確認をおこなったうえで払いもどしのご案内をさせていただきます。なお、グリーン車の通路やデッキ等にお立ちの場合もグリーン料金が必要になりますのでご注意ください。 ※... 詳細表示

No：977 公開日時：2021/10/25 10:00 更新日時：2024/03/04 15:57 カテゴリー： きっぷの購入・変更・払い戻し"
15,"小犬・猫等の小動物を車内にお持ち込みになる場合は、動物専用のケース（タテ・ヨコ・高さの合計が120cm以内でかつ、ケースと合わせた重量が10㎏以内のもの）に収納していただき、ご乗車になる駅の改札口などでお見せのうえ、手回り品きっぷ（290円）をお求めください。 なお、ご利用の間は周りのお客さまのご迷惑となら... 詳細表示

No：1086 公開日時：2021/07/01 04:00 更新日時：2024/03/04 16:09 カテゴリー： 車内設備・サービス"
16,"SuicaマークまたはICマーク表示のある「自動券売機（緑色の券売機）」「多機能券売機（黒色の券売機）」「チャージ専用機」で残額を確認できます。 （PASMOエリアのほか、全国のエリア内のIC対応券売機等でも確認できます。） また、自動改札機通過時には自動改札機のディスプレイに表示されます。 【関連... 詳細表示

No：1064 公開日時：2023/11/28 10:00 更新日時：2023/11/28 15:39 カテゴリー： Suicaの利用"
17,"指定席特急券（グリーン券、寝台券等を含む）は、指定された列車の発車時刻を過ぎると無効になりますので、後続の列車への変更はできません。 ただし、指定された列車の乗車日の当日・同区間に限り、後続列車の自由席（全車指定席の特急列車のときは立席）をご利用になれます。 ※〔はやぶさ〕〔こまち〕については〔はやぶさ〕〔こ... 詳細表示

No：1163 公開日時：2024/03/16 00:00 カテゴリー： きっぷの購入・変更・払い戻し"
18,"・定期券で乗り越しした場合は、乗り越し区間分の運賃を別途頂戴いたします。 ・「Suica定期券」は、あらかじめ入金（チャージ）し、入出場時にSuica対応の改札機をご利用いただくことにより、定期券区間外の乗り越し部分も自動精算します。この場合の運賃の計算方法は、下記の関連リンクをご参照ください。 ・Sui... 詳細表示

No：1123 公開日時：2023/03/27 10:00 更新日時：2024/03/04 16:24 カテゴリー： 定期券"
19,"・運休等により旅行を取り止める場合は、運賃・料金の全額を払いもどしいたします。 ・旅行の途中で取り止める場合は、お乗りにならない区間の運賃を払いもどしいたします。 ・旅行の途中で、列車が運休となったため出発駅まで戻ることをご希望される場合は、出発地へお戻りいただくこともできます。この場合、運賃の全額（途中下車... 詳細表示

No：1162 公開日時：2018/07/05 09:43 更新日時：2024/03/04 16:33 カテゴリー： きっぷの購入・変更・払い戻し"
20,"みどりの窓口の営業時間内にお越しいただけない場合には、JR東日本各駅で払いもどしのお申し出があったことを証明する、払戻申出証明を発行いたします。改札等の係員にお申し出くださいますようにお願いいたします。 申出証明を行った翌日以降、当該定期券の発売日の翌日から１年以内にみどりの窓口へお越しいただき、当該定期券と払... 詳細表示

No：2085 公開日時：2022/04/27 10:00 更新日時：2024/03/04 16:44 カテゴリー： 定期券"
21,"Suicaご利用エリア内の自動改札機が設置された駅におきましては、ICカードによる入場サービス「タッチでエキナカ」をご利用いただけます。駅構内のみをご利用でご入場から2時間以内にご出場いただいた場合、入場料金をICカードのチャージ（ご入金）残額よりご精算いたします。 なお、簡易改札機や他の鉄道会社との乗換改札機... 詳細表示

No：1201 公開日時：2021/10/25 10:00 更新日時：2024/03/04 16:40 カテゴリー： Suicaの利用"
22,"委任状は下のリンクからダウンロードし、印刷して記入例を参考にご利用ください。 （記入例と同様の内容を便宜用紙に記載してお持ちいただくことも可能です。） なお、代理人の方がお受け取りになる場合は、「委任状」と、受け取りにいらっしゃる代理の方の公的証明書をお持ちください。 ※クリックするとPDFファイルが別... 詳細表示

No：1018 公開日時：2021/06/01 04:00 更新日時：2022/07/05 13:31 カテゴリー： 忘れ物を受け取る時"
23,"Suicaは、Suica対応の改札機でご利用いただくことを前提としておりますので、ご利用範囲につきましても、Suicaご利用可能エリアに限定させていただいております。 Suicaご利用可能エリア外までご乗車の場合は、あらかじめきっぷをお求めください。 やむを得ずエリア外まで乗り越された場合は、下車駅で駅係... 詳細表示

No：1059 公開日時：2023/11/29 10:00 更新日時：2023/11/29 10:16 カテゴリー： Suicaの利用"
24,"IC運賃は、基本的には税抜運賃に1.1を掛け、小数点以下を切り捨てて1円単位にしています。 これに対し「きっぷの運賃」は、税抜運賃に1.1を掛け、原則に基づいて一の位を;四捨五入し10円単位にしています。 ただし、ICカードのご利用が多い首都圏においては、電車特定区間・山手線内に限り、常にIC運賃の方が「... 詳細表示

No：997 公開日時：2023/03/27 10:00 更新日時：2024/03/04 16:00 カテゴリー： 営業制度"
25,"「座席未指定券」により、座席を指定せずご乗車されたお客さまも、普通車の空席をご利用いただくことができます。 その座席の指定券をお持ちのお客さまがいらっしゃった場合は、他の空席にご移動いただくか、デッキ等をご利用ください。 なお、「座席未指定券」は追加の料金なしで座席を指定することも可能です。満席の場合を除き、... 詳細表示

No：969 公開日時：2024/03/16 00:00 カテゴリー： その他"
26,"次のような条件に該当している場合には、持込が可能となります。 ＜無料で持ち込みいただけるもの＞ ◆旅行鞄、スーツケース、スポーツ用品（サーフボードは専用の袋に収納したもの）、楽器用品、玩具、その他携帯できる荷物 ※スポーツ用品、楽器、娯楽用品などは、長さの制限を超える場合であっても、車内で立てて携帯でき... 詳細表示

No：1085 公開日時：2022/09/23 10:00 更新日時：2024/03/04 16:05 カテゴリー： 車内設備・サービス"
27,"「飲料・軽食あり」の列車は東京～盛岡・新青森・新函館北斗発着の「はやぶさ」、東京～金沢・敦賀発着の「かがやき」になります。それ以外のグランクラスにつきましては、「飲料・軽食なし」となります。 詳細表示

No：1544 公開日時：2024/03/16 00:00 カテゴリー： 車内設備・サービス"
28,"東京モノレールおよび東京臨海高速鉄道のSuica、PASMO、Kitaca、TOICAでSuicaグリーン券をお買い求めいただき、グリーン車Suicaシステムをご利用いただけます。 なお、上記以外の交通系ICカードにつきましてはSuicaグリーン券をお買い求めいただくことができませんので、ご了承ください。 ... 詳細表示

No：1136 公開日時：2023/11/29 00:00 更新日時：2023/11/29 11:02 カテゴリー： ICカードの相互利用サービス"
29,"「途中下車」とは、旅行途中（乗車券の区間内）でいったん駅の外に出ることをいいます。 片道の営業キロが100キロを超える普通乗車券は途中下車ができます。ただし、例外として、以下の場合は途中下車ができません。 （1）大都市近郊区間内のみをご利用の場合 （2）回数券や一部のおトクなきっぷをご利用の場合 （3... 詳細表示

No：1111 公開日時：2021/08/18 10:00 更新日時：2024/03/04 16:24 カテゴリー： 営業制度"
30,"Suicaのチャージ残額が不足した場合は、Suicaにチャージしてお使いいただくか、券売機で現金とあわせてきっぷをご購入いただくことができます。 また、改札を入場した後にチャージ残額が不足となった場合は、のりこし精算機でチャージまたは不足額チャージをしてください。 なお、Suicaでお買い物の際にチャージ... 詳細表示

No：1057 公開日時：2024/03/11 10:00 カテゴリー： Suicaの利用"
31,"■スマートフォン用アプリでのご案内 ・JR東日本アプリ ■「どこトレ」ホームページでのご案内 ・どこトレ 当社の地方線区を中心に在来線58路線、秋田新幹線、山形新幹線及びBRT区間の運行状況、運休情報、時刻表情報、遅延証明書（BRT区間は対象外）をご案内するサービスです。 ■その他 弊社ウェブ... 詳細表示

No：1035 公開日時：2024/03/16 00:00 カテゴリー： 運行情報・遅延証明書"
32,"以下の特急で無料Wi-Fiサービス「JR-EAST FREE Wi-Fi」のご利用が可能です。 ■利用可能な在来線特急 サフィール踊り子 成田エクスプレス あずさ・かいじ・富士回遊 はちおうじ・おうめ ひたち・ときわ ※臨時列車でWi-Fiサービスの提供が無い場合もございます。 ... 詳細表示

No：2970 公開日時：2023/03/27 10:00 カテゴリー： 車内設備・サービス"
33,"Suicaにはカード内総額20,000円までチャージができます。JR東日本の券売機等では500円、1,000円、2,000円、3,000円、5,000円、10,000円の6種類でチャージが可能です。 残額が0円になってもカードを買い替える必要はなく、引き続き同じカードをご利用になれます。 【関連リンク】 ... 詳細表示

No：1068 公開日時：2024/03/11 10:00 カテゴリー： Suicaの利用"
34,"振替輸送の対象となる区間を含む、乗車券・定期券・おトクなきっぷ・回数券が対象となります。 なおSuica定期券で定期区間内をご利用になる場合は振替輸送の対象となりますが、Suica等のICカード乗車券のチャージ残高でご利用している場合は、振替輸送の対象とはなりません。 詳細表示

No：1202 公開日時：2023/07/25 10:00 更新日時：2024/03/04 16:41 カテゴリー： 振替輸送"
35,"お忘れ物の保管期間は、駅により異なります。 詳細は最寄のＪＲ東日本の駅または「JR東日本お問い合わせセンター（忘れ物）」にお問い合わせください。 ※お忘れ物が食品や保管管理が困難なものの場合は、廃棄させていただくことがございます。 詳細表示

No：1023 公開日時：2021/10/25 10:00 更新日時：2022/07/05 13:33 カテゴリー： 忘れ物を受け取る時"
36,"「おとな」と「こども」の区分は以下のようになります。 ・おとな　→　12歳以上（12歳でも小学生は「こども」です） ・こども　→　6歳～12歳（6歳でも小学校入学前は「幼児」です） ・幼児　　→　1歳～6歳未満 ・乳児　　→　1歳未満 ◆こどもの運賃・料金 ・「こども」の乗車券、特急券、急行券、指... 詳細表示

No：1177 公開日時：2021/08/18 10:00 更新日時：2024/03/04 16:38 カテゴリー： 営業制度"
37,"使用後の乗車券類は原則的に回収しておりますが、お持ち帰りになりたい旨のお申し出があった場合には、券面に「使用済」「無効」の押印等の証明を行い、穴を開けてから、お渡ししております。（ただし、補充式（手書き）の乗車券類・定期乗車券・団体乗車券等の乗車券類は対象外となります。また、ご利用のきっぷで乗り越しした際に、降車... 詳細表示

No：1345 公開日時：2021/10/25 10:00 更新日時：2024/03/04 16:41 カテゴリー： その他"
38,"原則として、お忘れ物・落し物の持ち主ご本人様とお忘れ物をご確認させていただき、お受け取りいただいています。 やむを得ず代理の方がお受け取りにいらっしゃる場合は、忘れ物（落し物）をされたご本人からの委任状が必要です。 委任状とともに、受け取りにいらっしゃる代理の方の公的証明書をお持ちください。 忘れ物を代理の... 詳細表示

No：1017 公開日時：2022/02/22 18:00 更新日時：2022/07/05 13:30 カテゴリー： 忘れ物を受け取る時"
39,"電話やインターネットでは紛失再発行手続きを承っておりません。 Suica・PASMOエリア内の主な駅およびJR東日本の新幹線停車駅の窓口やバス営業所でSuicaを紛失してしまった旨をお申し出いただけましたら紛失再発行のお手続きをさせていただきます。 翌日以降、14日以内にJR東日本のSuicaエリア、... 詳細表示

No：2906 公開日時：2023/03/27 10:00 カテゴリー： その他"
40,"お忘れ物・落し物のお受け取りの際は、 ・ご本人確認のための公的証明書（運転免許証、運転経歴証明書、保険証、パスポート、年金手帳、外国人登録証明書、障害者手帳、個人情報カードなど）を必ずお持ちください。なお、お受け取りの際は、書類へのご記入をお願いしております。 お忘れ物・落し物のお受け取りのため、保管して... 詳細表示

No：1022 公開日時：2021/08/04 10:00 更新日時：2022/07/05 13:32 カテゴリー： 忘れ物を受け取る時"
41,"Suica・PASMOでの連絡定期券の購入は、そのICカードを発売している事業者でのみ可能です。従いまして、私鉄の定期券発売窓口において、Suicaで連絡定期券を購入することはできません。 また、JR東日本の窓口や多機能券売機において、PASMOで連絡定期券を購入することはできません。 これは連絡定期券の... 詳細表示

No：1130 公開日時：2023/11/29 10:00 更新日時：2023/11/29 10:19 カテゴリー： Suicaの利用"
42,"◆Suica定期券 第1区間をJR-東急、第2区間を東京メトロのような「Suica2区間連絡定期券」 をお買い求めいただくことで、ご利用いただくことができます。ただし、初回購入時はJR東日本のみどりの窓口でのお取扱いとなります。 ◆磁気定期券 「東急－JR－東京メトロ」といった、中間にJRを含む定期券は... 詳細表示

No：1147 公開日時：2018/07/05 09:43 更新日時：2022/07/05 10:03 カテゴリー： ICカードの相互利用サービス"
43,"改札口を出なければ同一方向に乗り継ぐことができます。 例えば、小田原→（東海道線）→戸塚乗り換え→（横須賀線・総武線快速）→津田沼といった行程を、小田原→津田沼のグリーン券でご利用いただけます。 【関連リンク】 グリーン券 詳細表示

No：973 公開日時：2024/03/16 00:00 カテゴリー： きっぷの購入・変更・払い戻し"
44,"乗車変更を行う際にも、割引券をご提示いただく場合がございますのでお持ちいただくようお願いいたします。 詳細表示

No：2960 公開日時：2023/03/28 10:00 カテゴリー： きっぷの購入・変更・払い戻し"
45,"Suicaの再発行手続きは、Suica・PASMOエリア内の主な駅やバス営業所およびJR東日本の新幹線停車駅の窓口のみでの受付となります。 ご事情によりご本人さまがおいでになれない場合には、代理人の方でも再発行の登録手続は可能です。この場合、代理人の方の公的証明書等を確認させていただいたうえで登録をさせてい... 詳細表示

No：2051 公開日時：2024/07/05 13:00 更新日時：2024/07/05 13:45 カテゴリー： その他"
46,"通学定期券は、自宅最寄駅と学校最寄駅間の「乗車距離の短い経路」「定期運賃の低廉な経路」「著しく迂回とならない経路」のいずれかで発売します。 塾やアルバイトなど、お客さまのご都合による区間の変更や経路の選択は出来ません。 詳細表示

No：1008 公開日時：2018/07/05 09:42 更新日時：2024/03/04 16:02 カテゴリー： 定期券"
47,"途中駅での乗車はできますが、ご乗車されなかった区間は無効となり、再度ご利用いただけません。また払戻もございませんのでご了承ください。どこかにビューーン！ご利用条件につきましては、 こちら をご覧ください。 詳細表示

No：3150 公開日時：2023/07/31 10:00 カテゴリー： えきねっと"
48,"北陸新幹線は、JR東日本とJR西日本で担当する区間がございますため、 お忘れ物が拾得された区間によってお問合せ先が異なります。 お手数をおかけいたしますが、JR東日本のほか、JR西日本へもお問い合わせください。 ・JR東日本のお問合せ先 「駅（または列車）に忘れ物をしました。どこに問い合わせれ... 詳細表示

No：987 公開日時：2022/02/22 18:00 更新日時：2022/07/05 13:50 カテゴリー： 忘れ物をした時"
49,"比較的近距離利用のお客さまが多いと想定される運行区間のグランクラスでは、サービスを「飲料・軽食なし」とし、アテンダントも乗車せず、よりご利用しやすい料金設定としております。 詳細表示

No：1543 公開日時：2021/10/25 10:00 更新日時：2022/08/04 15:11 カテゴリー： 車内設備・サービス"
50,"のマークのついていないSuicaは、Suicaエリア内の主な駅で、のマークのついたSuicaと無料で交換いたします。 ■「Suicaイオカード」 … のマークのある自動券売機（緑色の券売機）、多機能券売機（黒色の券売機）、またはSuicaエリア内にあるJR東日本の駅のみどりの窓口（Suica一部対応駅を除き... 詳細表示

No：1046 公開日時：2022/08/30 10:00 カテゴリー： Suicaの利用"
51,"お手元の領収書と引き換えのうえで、新しい宛名の領収書を発行することができます。 みどりの窓口や改札の係員にお申し付けください。 JR東日本以外の会社で発行された領収書については対応いたしかねます。 なお、領収書の発行日および発行駅は、手続きにお越しになられた日付および駅名となりますのでご了承ください。 詳細表示

No：3314 公開日時：2024/03/12 10:00 カテゴリー： その他"
52,"■一部のお店を除いて、お店での入金（チャージ）はできませんので、事前に自動券売機などで入金（チャージ）のうえ、ご利用ください。 ■一部のお店では、お支払いにSuicaと現金等を併せてご利用いただけます。お店にご確認の上、不足額を現金等でお支払いください。 ■2枚以上のSuicaを使用してのお支払いはで... 詳細表示

No：1039 公開日時：2021/10/25 10:00 更新日時：2022/11/16 13:52 カテゴリー： Suicaの利用"
53,"ご本人名義の「My Suica（記名式）」または「Suicaカード」（いずれも「地域連携ICカード」を含みます。）をお持ちの場合は、そのカードに定期券部分を追加して購入できます。 「Suicaイオカード」の場合は、カードを交換させていただきます。 いずれも入金（チャージ）残額は、そのまま引き継がれます... 詳細表示

No：1006 公開日時：2021/08/18 10:00 更新日時：2024/03/04 16:02 カテゴリー： 定期券"
54,"申し訳ございませんが、領収書の再発行はいたしかねます。 詳細表示

No：1027 公開日時：2021/10/25 10:00 更新日時：2024/02/27 11:47 カテゴリー： その他"
55,"首都圏ICカード相互利用とは、Suicaを利用できるJR東日本、東京モノレール、東京臨海高速鉄道、埼玉新都市交通、伊豆急行、富士山麓電気鉄道、仙台空港鉄道と、PASMOを利用できる私鉄・地下鉄、路線バスを、Suica・PASMO一方のICカードで利用できるようにすることです。なお、モバイルSuicaも、Suica... 詳細表示

No：1138 公開日時：2023/11/29 10:00 更新日時：2023/11/29 11:05 カテゴリー： ICカードの相互利用サービス"
56,"JRの普通車指定席の特急料金・グリーン車および寝台車利用時の特急料金は、一部の列車を除き、「通常期」「最繁忙期」「繁忙期」「閑散期」とシーズン別となっており、時期によって値段が変動いたします。 具体的には「通常期」の各特急料金に対して「最繁忙期」は400円増し、「繁忙期」は200円増し、「閑散期」は200円引き... 詳細表示

No：1172 公開日時：2024/03/16 00:00 カテゴリー： 営業制度"
57,"JR東日本管内の駅構内や列車内で拾得されたものであれば、JR東日本の駅係員にお届けいただければ、遺失物としてお預かりいたします。公道や他の施設等で拾得されたものにつきましては、最寄りの警察、施設の管理者にお届けいただきますようお願いいたします。 詳細表示

No：2988 公開日時：2023/03/27 10:00 カテゴリー： お忘れ物"
58,"指定券については、ご利用になる列車が、始発駅を発車する日の1ヶ月前から発売しています。 なお、夜行列車など日をまたがって運転する列車の指定券は始発駅の出発日ではなく、実際にご乗車になる日付の指定券が必要です。 途中駅からご乗車になる場合は購入される指定券の日付にご注意ください。 【関連リンク】 み... 詳細表示

No：1182 公開日時：2021/08/18 10:00 更新日時：2024/03/04 16:40 カテゴリー： きっぷの購入・変更・払い戻し"
59,"振替乗車の対象区間は、JR東日本アプリをダウンロードすることでご確認いただけます。 詳しくは関連リンクをご確認ください。 【関連リンク】 JR東日本アプリ 詳細表示

No：2989 公開日時：2023/03/27 10:00 カテゴリー： 振替輸送"
60,"以下の条件をすべて満たす場合、最後にチャージされた金額を払いもどしますので駅係員にお申し出ください。手数料はかかりません。（Suica一部対応駅ではお取り扱いいたしません。） ■チャージ後にSuicaをお使いになっていない場合。 ■チャージした当日にご申告いただいた場合。 ※深夜帯にチャージし、... 詳細表示

No：1066 公開日時：2024/03/11 10:00 カテゴリー： Suicaの利用"
61,"障がい者用Suicaは、 ・第１種身体障害者または第１種知的障害者の大人のお客さま ・障がい者本人を介護する任意の１名のお客さま を対象に発売します。 Suicaエリア内のJR東日本の駅のみどりの窓口および話せる指定席券売機でお買い求めいただけます。（有効期間の更新については、改札窓口でも受付いたしま... 詳細表示

No：2958 公開日時：2023/03/18 00:00 更新日時：2024/03/04 16:49 カテゴリー： Suicaの購入"
62,"（1）JRの運賃は、営業キロが11～50kmまでは5km毎、51～100kmまでは10Km毎というように幅を持たせて区分し、運賃計算にはその区分の中間の営業キロを用いて計算します。 そのため、分割してご購入された場合の算出に用いる営業キロの合計が、通しでお求めの場合の営業キロよりも小さくなることによって、通しで... 詳細表示

No：1176 公開日時：2018/07/05 09:43 更新日時：2024/03/04 16:37 カテゴリー： 営業制度"
63,"駅構内は一部駅にある喫煙ルームおよび喫煙可能なスペースを除き禁煙です。 電気加熱式タバコ、電子タバコについても喫煙ルームおよび喫煙可能なスペースでのご利用をお願いします。 以下の新幹線ホーム、特急ホームなどには排煙設備のある喫煙ルームがございます。 ・新幹線 ... 詳細表示

No：1388 公開日時：2022/05/20 14:00 更新日時：2022/07/05 13:46 カテゴリー： 駅設備・サービス"
64,"6月下旬の発送を予定しております。 詳細表示

No：2961 公開日時：2023/03/28 10:00 カテゴリー： その他のお問い合わせ"
65,"弊社ウェブサイトに掲載の時刻表は、市販の「JR時刻表」等で使用しているデータに基づいているため、列車が発着するホームの情報は一部の駅のみのご案内となっております。該当する一部の駅に関しては、弊社ウェブサイトの各駅の時刻表ページにおいて、ご乗車になる駅の発車時刻表を検索していただき、ご乗車になる列車の「発車時刻」を... 詳細表示

No：959 公開日時：2022/04/11 16:00 更新日時：2022/06/29 11:21 カテゴリー： 列車の時刻・運賃、ダイヤ、路線図"
66,"みどりの窓口で払いもどしをされる際、駅係員にお申し付けいただければ、「払戻計算書」（インボイス対応）を発行いたします。 詳細表示

No：2910 公開日時：2023/12/08 10:00 カテゴリー： きっぷの購入・変更・払い戻し"
67,"首都圏の主な駅では混雑状況を下記のサイトで確認することができます。サービス提供時間は5:00～翌1:30です。　 【関連リンク】 JR駅混雑状況 詳細表示

No：2967 公開日時：2023/03/27 10:00 カテゴリー： 駅設備・サービス"
68,"東京から仙台や新潟まで新幹線をご利用いただく場合、「タッチでGo!新幹線」や「新幹線eチケットサービス」等によりご乗車いただく事が可能です。詳しいサービス内容につきましては、以下のサイトをご確認ください。 Suica－新幹線の利用 なお、東京から仙台や新潟等、他Suicaエリアまで在来線経由でご乗車いただ... 詳細表示

No：1053 公開日時：2023/11/29 10:00 更新日時：2023/11/29 10:12 カテゴリー： Suicaの利用"
69,"（１）小学生以下のお子さまの場合 小学生以下のお子さまのお忘れ物・落し物を親権者がお受け取りの場合は、委任状がなくてもお渡しすることが可能です。その際は、親権者ご本人様の公的証明書等と親権者であることがわかる書類（住民票の写しや健康保険証など）もお持ちください。 ※ 小学生以下のお子さまのお忘れ物（落... 詳細表示

No：1016 公開日時：2021/06/01 04:00 更新日時：2022/07/05 13:30 カテゴリー： 忘れ物を受け取る時"
70,"全ての座席が指定席のため、あらかじめ、指定席特急券をお買い求めの上ご乗車ください。 なお、自由席はございません。 また、一部の列車では、指定席特急券の他に、乗車日・区間のみを指定し、列車・座席を指定しない「座席未指定券」も発売します。ご希望の列車が満席の場合や乗車する列車が決まっていない場合、座席の指定を... 詳細表示

No：3185 公開日時：2024/03/16 00:00 カテゴリー： その他"
71,"どこかにビューーン！はお客さまにご選択いただいた4択の行き先候補・ご旅行の期日・時間帯に沿って、ランダムに決まった行き先まで指定列車にて往復乗車いただくサービスであることから、お客さまのご都合による列車の変更は承っておりません。 詳細表示

No：3154 公開日時：2023/11/30 10:00 更新日時：2023/11/30 14:42 カテゴリー： えきねっと"
72,"東北・山形・秋田・上越・北陸新幹線およびあずさ・ひたちのうち、車内販売の営業がある列車は、株式会社JR東日本サービスクリエーションのホームページ内でご案内しております。 詳しくは以下の関連リンクよりご確認ください。 ■関連リンク 車内販売営業列車一覧（2024年3月17日改正） (jresc.co.... 詳細表示

No：3434 公開日時：2024/04/03 10:00 カテゴリー： 車内設備・サービス"
73,"普通列車グリーン車に乗務し、車内でグリーン券の確認や発売、各種ご案内をおこなうほか、飲み物やスナック、軽食などの車内販売もおこなっています。東京・新宿・上野など首都圏に8ケ所あるグリーンアテンダントセンターと連携をとりながら、お客さまに快適な時間と空間を提供する重要な業務を担っています。 詳細表示

No：989 公開日時：2022/08/30 10:00 カテゴリー： 車内設備・サービス"
74,"SuicaはPASMO取扱事業者の駅の券売機や、バス車載機でチャージが可能です。なお、クレジットカードによるチャージはできません。（オートチャージを除く） 【関連リンク】 Suica－入金（チャージ） モバイルSuica－入金（チャージ） 詳細表示

No：1145 公開日時：2023/03/12 00:00 更新日時：2024/03/12 00:00 カテゴリー： ICカードの相互利用サービス"
75,"セキュリティの観点から、アクセスコードの再発行はしておりません。改めて最初からお問い合わせいただきますようお願いいたします。 なお、お忘れ物チャットでは、既存のお問い合わせが自動キャンセルとなるまで再度のお問い合わせができません。お急ぎの場合はJR東日本の駅またはJR東日本お問い合わせセンター（忘れ物）にて最初... 詳細表示

No：2018 公開日時：2022/02/22 18:00 更新日時：2022/07/05 14:01 カテゴリー： お忘れ物チャットの利用"
76,"同じ列車内の場合は、移動後の席で再度、グリーン券情報読取り部にタッチしてください。 詳細表示

No：978 公開日時：2021/10/25 10:00 更新日時：2022/06/29 11:40 カテゴリー： Suicaの利用"
77,"有効区間外まで乗り越しをされた場合には、乗り越しをされた区間分の所定（無割引）の運賃・料金を別途いただきますのでご了承ください。どこかにビューーン！ご利用条件につきましては、 こちら をご覧ください。 詳細表示

No：3152 公開日時：2023/07/31 10:00 カテゴリー： えきねっと"
78,"複数枚のICカード（SuicaやPASMOなど）を自動改札機にかざした場合、改札機では処理できないため、改札機のドアが閉まります。 私鉄との連絡定期券を発売できない区間をご利用の場合などは、引き続き磁気定期券をご利用ください。 【関連リンク】 Suica－改札機の通り方 JR線と私鉄・地下鉄線の定期券... 詳細表示

No：1141 公開日時：2023/11/29 10:00 更新日時：2023/11/29 11:08 カテゴリー： ICカードの相互利用サービス"
79,"「乗車船区間」及び「乗車券の種類（片道・往復・連続）」の欄は利用されるお客さま自身での訂正が可能です。 訂正箇所に二重線を引き、認印の捺印をお願いいたします。 ただし、「乗車船区間」については、変更後の営業キロが適用条件である101キロ以上となっている場合に限ります。 「乗車船区間」「乗車券の種類」... 詳細表示

No：2978 公開日時：2023/03/27 10:00 更新日時：2024/03/04 16:08 カテゴリー： 営業制度"
80,"保管期間を経過したお忘れ物は、他の駅や指定された警察署等へ移されます。保管期限を過ぎてしまった場合は、再度お問い合わせいただくようお願いいたします。 詳細表示

No：2017 公開日時：2022/02/16 10:00 更新日時：2022/07/05 13:53 カテゴリー： お忘れ物チャットの利用"
81,"IC運賃は、Suicaエリア内の駅においてICカードで自動改札機から入場し、同じSuicaエリア内の駅で自動改札機から出場したときに適用する1円単位の運賃です。 なお、首都圏の電車特定区間ではない「幹線」エリア、「地方交通線」エリア、仙台のSuicaエリア、新潟のSuicaエリア、青森のSuicaエリア、盛... 詳細表示

No：998 公開日時：2024/03/16 00:00 カテゴリー： 営業制度"
82,"定期券や普通回数券は、列車の運休により引き続き5日以上使用できなくなった場合に限り、払いもどしや有効期間の延長をいたします。なお、他の交通機関による振替乗車・代行輸送をご利用になった場合は使用したことになります。 【関連リンク】 きっぷに関するご案内－事故などの場合の取り扱い〈列車が遅れた場合〉 詳細表示

No：958 公開日時：2018/07/05 09:42 更新日時：2024/03/04 15:55 カテゴリー： きっぷの購入・変更・払い戻し"
83,"停止することができます。 設定の変更が必要ですので、Suicaエリア内の主な駅の有人改札口にお申し出ください。モバイルSuica定期券をご利用のお客さまは、モバイル端末上から設定変更を行うことができます。 【関連リンク】 Suica－利用可能エリア Suica定期券の利用 詳細表示

No：1028 公開日時：2023/11/29 10:00 カテゴリー： Suicaの利用"
84,"振替輸送区間での途中下車はできません。途中下車を希望される場合、別途精算が必要となります。 なお、別の振替輸送機関へ乗り継ぎをされるためにJRの改札を出場される場合は、改札係員にご事情をお伝えください。 詳細表示

No：2769 公開日時：2022/12/09 10:00 更新日時：2024/03/04 16:46 カテゴリー： 振替輸送"
85,"JR東日本内の新幹線および特急・急行列車、快速・普通列車については全面禁煙です。 ただし以下の列車には喫煙号車がございます。 サンライズ瀬戸・出雲 ※その他、一部の臨時列車 詳細表示

No：1092 公開日時：2020/09/18 16:55 更新日時：2022/07/05 13:44 カテゴリー： 駅設備・サービス"
86,"モバイルSuicaについては、弊社ウェブサイトでご覧いただけます。 詳細については、下記リンク「モバイルSuica」をご覧ください。 また、「よくあるご質問」もあわせてご覧ください。 【関連リンク】 モバイルSuica トップページ モバイルSuica－よくあるご質問 詳細表示

No：1129 公開日時：2023/11/28 10:00 更新日時：2023/11/29 11:24 カテゴリー： モバイルSuica"
87,"これまで弊社では、「優先席付近では携帯電話の電源をお切りください。それ以外では、マナーモードに設定の上、通話はご遠慮ください。」と、お客さまに呼びかけてまいりました。 そして2015年10月1日から弊社を含む関東、東北、甲信越の鉄道事業者37社とともに内容を統一し、「優先席付近では混雑時には携帯電話の電源を... 詳細表示

No：1090 公開日時：2018/07/05 09:43 更新日時：2022/07/05 13:43 カテゴリー： マナー"
88,"有効な「青春18きっぷ」をお持ちのお客さまが「青春18きっぷ北海道新幹線オプション券」をお求めいただくことで、北海道新幹線の奥津軽いまべつ～木古内間及び道南いさりび鉄道の木古内～五稜郭間をそれぞれ片道１回ご利用いただけます。 【関連リンク】 おトクなきっぷ 詳細表示

No：961 公開日時：2021/10/25 10:00 更新日時：2022/06/29 14:50 カテゴリー： おトクなきっぷ"
89,"新幹線車両の主な車内設備については、下記リンクをご覧ください。 【関連リンク】 車内の主な設備紹介 AED（自動体外式除細動器）設置のご案内 詳細表示

No：1116 公開日時：2024/03/12 10:00 カテゴリー： 車内設備・サービス"
90,"イベントなどの広告関係の業務は、弊社のグループ会社である（株）ジェイアール東日本企画に委託しております。 詳細につきましては、（株）ジェイアール東日本企画でお問い合せを受付けております。下記リンクよりお問い合わせください。 【関連リンク】 株式会社ジェイアール東日本企画 詳細表示

No：1080 公開日時：2021/06/07 20:30 更新日時：2022/07/13 17:50 カテゴリー： その他のお問い合わせ"
91,"■首都圏エリアでお求めになったSuicaは、仙台、新潟、青森、盛岡、秋田エリアでもお使いいただけます。 （東京モノレール・東京臨海高速鉄道発行のものも同様です） ■仙台、新潟、青森、盛岡、秋田エリアでお求めになったSuicaでも、首都圏エリア（およびPASMOエリア）でお使いいただけます。 ■東京→... 詳細表示

No：1052 公開日時：2023/07/19 10:00 カテゴリー： Suicaの利用"
92,"新幹線の回数券は、有効期間内で表紙を含むすべての券が未使用の場合に、払いもどしをしております。 なお、払いもどしには手数料がかかります。 【関連リンク】 きっぷの払いもどし 新幹線回数券 詳細表示

No：996 公開日時：2021/10/25 10:00 更新日時：2022/06/29 14:50 カテゴリー： きっぷの購入・変更・払い戻し"
93,"JR東日本の一部の新幹線には、荷物置き場の設置がございます。また、荷物置き場がない車両の場合は、お足元に置いて保管いただくようお願いいたします。いずれの場合も、お品物の管理や保管はお客さまご自身でお願いいたします。 詳細表示

No：2980 公開日時：2023/12/08 10:00 カテゴリー： 車内設備・サービス"
94,"お忘れ物チャットで入力いただいた来駅日時を過ぎても、お忘れ物の保管期限まではそのまま駅でお受け取りいただくことが可能です。 詳細表示

No：2016 公開日時：2022/02/16 10:00 更新日時：2022/07/05 13:53 カテゴリー： お忘れ物チャットの利用"
95,"自動改札機において、チャージ残額が1,000円以下になったことをアラーム音（ピピピッ）でお知らせできます。 設定の変更が必要ですので、Suicaエリア内の改札係員までお申し出ください。モバイルSuicaをご利用のお客さまは、モバイル端末上から設定変更を行うことができます。 【関連リンク】 改札機通過時の... 詳細表示

No：1030 公開日時：2024/03/11 10:00 カテゴリー： Suicaの利用"
96,"お客さまのモバイル端末 (モバイルSuica)のほか、首都圏Suicaエリア内のJR東日本の駅の指定席券売機、多機能券売機、みどりの窓口でお求めいただけます。なお、対象券種は通勤定期券（Suica・モバイルSuica)となります。 ※JR東日本以外の鉄道事業者ではお求めいただけません。 ※通学定期券、グリ... 詳細表示

No：2953 公開日時：2023/03/18 00:00 更新日時：2024/03/04 16:47 カテゴリー： 定期券"
97,"お求めになった当日1回限り有効です。 （ただし、日付が変わる場合でもお求めいただいた当日の終電まではご利用いただけます。） 詳細表示

No：981 公開日時：2021/10/25 10:00 更新日時：2024/03/04 15:58 カテゴリー： Suicaの利用"
98,"ベビーカーは折りたたまずご乗車していただけますが、ご利用の際に、周囲のお客さまへの配慮をお願いいたします。 駅構内、列車内でのベビーカーの利用については、弊社ホームページの「ベビーカーの安全なご利用のために」をご確認ください。 詳細表示

No：2983 公開日時：2023/03/27 10:00 カテゴリー： 車内設備・サービス"
99,"ICチップが搭載されているカードをご利用の場合、暗証番号の入力が必要となります。ICチップが搭載されていないカードをご利用の場合にはサインをお願いしております。なお、一部商品の購入時は、ICチップが搭載されていないカードであっても、サインの他に暗証番号の入力が必要となりますので、ご了承ください。 詳細表示

No：1251 公開日時：2022/11/30 10:00 更新日時：2023/07/14 16:54 カテゴリー： きっぷの購入・変更・払い戻し"
100,"一部のデッキ付きの車両には、授乳スペースとしてもご利用いただける多目的室を設置しております。新幹線車両の主な車内設備については、「新幹線車内設備のご案内」でご確認いただけます。 なお、多目的室は、お身体の不自由なお客さま、体調のすぐれないお客さま、授乳をされるお客さまなどがご利用いただけます。ご希望の際には... 詳細表示

No：1115 公開日時：2022/09/20 10:00 カテゴリー： 車内設備・サービス"
101,"のマークがついているSuicaであれば、Suicaの種類にかかわらず、特別な手続きを行わずにお買い物にご利用いただくことができます。 マークのないSuicaは、鉄道でのご利用にはこれまでどおりご利用になれますが、店舗でのお買い物には対応していません。 【関連リンク】 Suica－お買い物 Suic... 詳細表示

No：1047 公開日時：2021/10/25 10:00 更新日時：2022/11/16 13:55 カテゴリー： Suicaの利用"
102,"・現在お持ちのSuica が無記名のものであれば、 障がい者用Suica（本人）・障がい者用Suica（介護者）どちらへの変更も可能です。 ・障がい者（本人）のお客さまが、お手持ちのMy Suica（記名式）を障がい者用Suica （本人）に変更することは可能です。 ・障がい者用Suica（介護者）は、任意の... 詳細表示

No：2959 公開日時：2023/07/25 10:00 更新日時：2024/03/04 16:49 カテゴリー： Suicaの購入"
103,"東北新幹線は、列車により北海道新幹線と直通している場合がございますため、 お忘れ物が拾得された区間によってお問合せ先が異なります。 お手数をおかけいたしますが、JR東日本のほか、JR北海道へもお問い合わせください。 ・JR東日本のお問合せ先 「駅（または列車）に忘れ物をしました。どこに問い合わせれ... 詳細表示

No：2874 公開日時：2023/03/15 10:00 カテゴリー： 忘れ物をした時"
104,"どこかにビューーン！はお客さまにご選択いただいた4択の行き先候補・ご旅行の期日・時間帯に沿って、ランダムに決まった行き先まで指定列車にて往復乗車いただくサービスであることから、お客さまのご都合による行き先の変更は承っておりません。 詳細表示

No：3153 公開日時：2023/11/30 00:00 更新日時：2023/11/30 14:41 カテゴリー： えきねっと"
105,"払戻しは、有効期間内で未使用に限り、お買い求めいただいた商品を発売している箇所で取扱います。（別途払戻手数料がかかります） 列車やバスの運行不能による払戻しはいたしません。あらかじめご了承ください。 詳細はおトクなきっぷの各商品ページをご参照ください。 【関連リンク】 おトクなきっぷ 詳細表示

No：1524 公開日時：2021/06/01 10:00 更新日時：2022/06/29 14:53 カテゴリー： きっぷの購入・変更・払い戻し"
106,"他の鉄道会社線（私鉄・地下鉄線）とJR東日本線の区間が1枚になったSuica連絡定期券（2区間定期券を含みます）をお求めいただけます。 なお、一部の区間はお求めいただけません。 また、発駅・着駅がともに他の鉄道会社線の駅となる定期券は発売いたしません。 ※仙台エリアでは、JR-バスとなるSuica連絡定... 詳細表示

No：1071 公開日時：2021/10/25 10:00 更新日時：2024/03/04 16:04 カテゴリー： Suicaの利用"
107,"弊社では2019年9月より、訪日外国人旅行者向けのSuicaカード「Welcome Suica」の販売を開始しています。 Welcome Suicaは以下のウェブサイトにて9言語（英語・中国語（簡体字・繁体字）・韓国語・タイ語・インドネシア語・フランス語・ドイツ語・スペイン語）でご案内しております。 ■多言... 詳細表示

No：1483 公開日時：2023/11/28 10:00 更新日時：2023/11/28 14:51 カテゴリー： インバウンド"
108,"「レール＆レンタカーきっぷ」とは、JR線と駅レンタカーを組み合わせた割引きっぷです。ご利用条件を満たせば、JR線の運賃が20％割引・特急料金やグリーン料金が10％割引となります。 主なご利用条件は、以下のとおりとさせていただいております。 （1）JR線と駅レンタカーを連続した行程で利用し、JR線を片道... 詳細表示

No：1156 公開日時：2021/06/01 10:00 更新日時：2022/06/29 14:52 カテゴリー： おトクなきっぷ"
109,"高校生通学定期券から大学生通学定期券に変更される場合は、大学生の定期券をご購入いただき、高校生の定期券は、使用経過旬数（10日を1旬として計算）に相当する運賃及び手数料220円 を差し引いた残額を払いもどしいたします。 ※定期券の払いもどしの際は、ご本人であることを確認できるもの（学生証など）をお持ちくださ... 詳細表示

No：1004 公開日時：2021/10/25 10:00 更新日時：2024/03/04 16:01 カテゴリー： 定期券"
110,"いずれも、弊社ウェブサイトでご覧いただけます。 路線図につきましては下記リンク「路線図」を、駅の構内図につきましては各駅の情報ページから「構内図」をご覧ください。 【関連リンク】 路線図 駅構内図 詳細表示

No：1117 公開日時：2022/04/15 10:00 更新日時：2022/06/29 11:23 カテゴリー： 列車の時刻・運賃、ダイヤ、路線図"
111,"「バス定期券」についても、再発行されたSuicaに引き継がれます。 詳細表示

No：2757 公開日時：2022/12/01 10:00 カテゴリー： Suicaの利用"
112,"一部の区間を除き、弊社区間がオフピーク定期券の設定エリア（電車特定区間内）完結となる場合については、弊社区間はオフピーク定期券、他社線の区間は通常の定期券として組み合わせたSuica連絡定期券としてお求めいただけます。お取り扱いできない一部の区間につきましては、以下関連リンクよりご確認ください。 【関連リン... 詳細表示

No：2954 公開日時：2023/03/18 00:00 更新日時：2024/03/04 16:47 カテゴリー： 定期券"
113,"こども用My Suicaは、JR西日本のICOCAエリアをはじめとする全国相互利用エリアで利用可能です。また、こども用の全国相互利用サービス対象カードにつきましても、Suicaエリアをはじめとする全国相互利用エリアでご利用可能となります。 【関連リンク】 Suica－ご利用可能エリア My Suica（... 詳細表示

No：1132 公開日時：2023/11/29 10:00 更新日時：2023/11/29 10:21 カテゴリー： ICカードの相互利用サービス"
114,"お客さまご自身でインターネットから乗降介助の事前申込みをいただき、事前に駅の体制を整えることで、来駅から乗車介助開始までの時間を短縮し、快適なご利用環境の実現に向けたサービスです。詳しくは関連リンクをご確認ください。 【関連リンク】 JREおでかけサポートをご利用のお客さまへ 詳細表示

No：3308 公開日時：2024/02/26 06:00 カテゴリー： バリアフリー"
115,"8人以上のお客さまが同じ行程をご一緒に旅行される場合には、団体割引となります。 ◆団体運賃の計算 1人分の割引運賃（10円未満のは数は切り捨て）に人数を乗じて計算します。 ◆普通団体 ・1月11日～2月末日、6月、9月、11月1日～12月20日 … 15％引き ・1月1日～10日、3月1日～5月... 詳細表示

No：1169 公開日時：2024/03/16 00:00 カテゴリー： 営業制度"
116,"Suicaに磁気のイオカード、オレンジカードでチャージはできません。 【関連リンク】 Suica－入金（チャージ） 詳細表示

No：1065 公開日時：2024/03/11 10:00 カテゴリー： Suicaの利用"
117,"iPhoneでのSuicaサービスについては、弊社ウェブサイトでご覧いただけます。 詳細については、下記リンク「Apple PayでのSuicaサービス」をご覧ください。 また、「よくあるご質問」もあわせてご覧ください。 【関連リンク】 Apple PayでのSuicaサービス Suica Ap... 詳細表示

No：956 公開日時：2023/11/28 10:00 更新日時：2023/11/28 14:59 カテゴリー： その他"
118,"まずは、JRE POINT専用サイト内「よくいただくご質問」をご確認ください。 https://faq.jrepoint.jp/faq/show/1?category_id=85&site_domain=default 詳細表示

No：2997 公開日時：2023/04/06 17:55 カテゴリー： 個人情報受付窓口"
119,"通勤車両においては、駅ごとにドアが開くことで換気されていますが、窓を開けることで走行中も換気されます。これらに加えて空調装置で外気を定期的に取り入れ、換気をさらに促進します。このような換気を組み合わせることで、車内の空気は概ね2～3分に1回入れ替わります。新幹線・在来線特急車両においては、窓は開かないものの、空調... 詳細表示

No：2871 公開日時：2023/03/15 10:00 カテゴリー： 車内設備・サービス"
120,"オンライン販売サポートデスクに電話が繋がらない場合は、以下のお手続きをお願いいたします。 ※チケット類発行前の方はWEBサイト上からの取消しが可能です。「びゅうトラベル」WEBサイトより取消方法をご確認ください。 ※チケット類発行済みの方は以下のお手続きをお願いいたします。 ・宿泊先への取消のご連絡をお願い... 詳細表示

No：1401 公開日時：2022/11/30 10:00 カテゴリー： 旅行商品"
121,"通勤定期券や通学定期券を新規購入する際、パソコンや携帯情報端末からの簡単操作で、事前にインターネットで申込みを完了しておくと、JR東日本の駅の指定席券売機またはJR東日本の駅のみどりの窓口で定期券をスピーディーに購入＆受取ることができます。 その他の詳細については、下記リンク「ネットde定期」をご覧ください。 ... 詳細表示

No：1122 公開日時：2023/12/08 10:00 カテゴリー： 定期券"
122,"現在、JR東日本管内の駅には「NewDays（ニューデイズ）」というコンビニエンスストアがございます。 「NewDays」は、駅をご利用になるお客さまの多様なニーズに応えてまいります。 詳しくは　NewDays（エキナカポータル） 　をご覧ください。 【関連リンク】 エキナカポータル（株式会社JR... 詳細表示

No：1087 公開日時：2021/06/07 16:00 更新日時：2022/07/13 17:51 カテゴリー： 駅設備・サービス"
123,"JR東日本には、車両のメンテナンスを担当する総合車両センター6箇所のほか、車両の製造を担当するグループ会社があります。一般公開の有無・実施日時につきましては毎年異なりますので、弊社ウェブサイトまたは駅等の掲示板等でお知らせいたします。 【車両のメンテナンスを担当する総合車両センター】 ・東京総合車両センタ... 詳細表示

No：1075 公開日時：2023/11/14 15:00 カテゴリー： その他のお問い合わせ"
124,"Suicaでのお買い物に関するお問い合わせは、お買い物をされた店舗に直接お問合せください。 【関連リンク】 Suica－お買い物 詳細表示

No：1041 公開日時：2021/10/25 10:00 更新日時：2022/11/16 13:53 カテゴリー： Suicaの利用"
125,"障がい者ご本人が駅にお越しいただくことが難しい場合、代理の方でもお手続きができます。 この場合も、身体障害者手帳または療育手帳原本のご呈示が必要です。 有効期間延長については、身体障害者手帳または療育手帳原本のほか、「障がい者用Suica」「介護者用Suica」を一緒にお持ちください。 詳細表示

No：3446 公開日時：2024/04/26 10:00 カテゴリー： 営業制度"
126,"当社のプラットホームは比較的古い構造のものが多いため、ホームドアの設置に当たっては大規模な構造改良が必要となります。また、最終電車から始発電車までの合間での夜間工事となるため、工事期間が長くかかります。 ホームドアの早期導入につきましては、軽量で工期短縮可能なスマートホームドアの導入を積極的に進めるとともに、今... 詳細表示

No：1273 公開日時：2019/09/27 22:00 更新日時：2022/06/29 11:27 カテゴリー： 安全対策"
127,"Kitaca、PASMO、Suica、manaca、TOICA、ICOCA、PiTaPa、SUGOCA、nimoca、はやかけんのいずれかを1枚お持ちであれば、各サービスエリア内における鉄道・バス及び加盟店等の利用が可能となりますが、エリアをまたがったご利用はできません。 Suica等はそれぞれのエリア内でのご... 詳細表示

No：1009 公開日時：2023/11/29 00:00 更新日時：2023/11/29 09:46 カテゴリー： ICカードの相互利用サービス"
128,"チャージ残額がご希望のグリーン料金に満たない場合は、次の手順でお求めください。 ※改札口の中（ホーム等）の券売機では、Suicaの残額がグリーン料金に満たない場合だけ千円札1枚のみのチャージが可能です。（一部の券売機を除きます） 詳細表示

No：983 公開日時：2024/03/11 10:00 カテゴリー： Suicaの利用"
129,"一度に最大7名さま分のきっぷを購入可能ですが、ご購入いただく商品・割引等により異なる場合がございます。 詳細表示

No：2764 公開日時：2022/12/09 10:00 カテゴリー： きっぷの購入・変更・払い戻し"
130,"「サフィール踊り子」ではスマートフォン専用サイト「サフィールPay」から事前にご予約いただけます。メインメニューについては、予約時間ごとに提供数を限定しております。プレミアムグリーン（1号車）、グリーン車（5～8号車）のお客さまには、メインメニューをカフェテリア（4号車）でご提供いたしますが、グリーン個室（2～3... 詳細表示

No：1540 公開日時：2021/10/25 10:00 更新日時：2022/08/04 15:10 カテゴリー： 車内設備・サービス"
131,"「びゅう商品券」はJR東日本のみどりの窓口や、JR東日本グループの駅ビル・ホテル、全国のJTBや、百貨店、商業施設、家電量販店等でご利用いただけます。 「びゅう商品券」は、JR東日本グループの駅ビル等でお買い求めいただけるほか、インターネットからご購入いただくことも可能です。詳細につきましては、下記リンクを... 詳細表示

No：1081 公開日時：2024/03/11 10:00 カテゴリー： その他のお問い合わせ"
132,"障害者割引乗車券の購入及び使用の際は、必ず障害者手帳原本が必要となります。なお、障害者手帳の紛失等で再発行手続きをされている場合でも、障害者手帳のコピー等での障害者割引乗車券の発売はできかねますのでご注意ください。 詳細表示

No：2976 公開日時：2023/03/27 10:00 更新日時：2024/03/04 16:50 カテゴリー： きっぷの購入・変更・払い戻し"
133,"「サフィール踊り子」の食事メニューや車内販売品を事前に予約、決済できるシステムです。会員登録をしていただき、希望商品を選択、決済済みのチケットをアテンダントに見せていただくことで、商品を提供いたします。 なお、「サフィールPay」でのご予約は全てオンライン（クレジット）決済となります。 詳細表示

No：1541 公開日時：2023/11/22 10:00 カテゴリー： 車内設備・サービス"
134,"ホームドアにつきましては、お客さまの列車との接触や線路への転落を防止する目的として、整備を進めています。2021年12月に国が創設した鉄道駅バリアフリー料金制度も活用し、東京圏在来線主要路線の線区単位の330駅758番線へ、2031年度末頃までの整備を目指しています。 詳細表示

No：1272 公開日時：2022/08/19 10:00 カテゴリー： 安全対策"
135,"PASMOエリアでの利用駅についても印字されます。 駅名がJRと重なる場合には、「京王新宿」のように、私鉄側の駅名に事業者の略称が印字されます。 一方、バスをご利用された場合には、バス事業者名のみが印字されます。 【関連リンク】 Suica－履歴表示・印字・残額表示 Suica－ご利用可能エリア 詳細表示

No：1133 公開日時：2023/11/29 00:00 更新日時：2023/11/29 10:53 カテゴリー： ICカードの相互利用サービス"
136,"弊社の優先席は、基本的に向かい合わせに設置しております。優先席付近とは、この優先席同士を結んだスペースと、その周辺にある手すり、およびつり革周辺です。 【関連リンク】 お身体の不自由なお客さまへ－車内の主な設備紹介 詳細表示

No：1113 公開日時：2018/07/05 09:43 更新日時：2022/07/05 13:45 カテゴリー： 車内設備・サービス"
137,"お支払いの際に「Suicaで」とお申し付けください。 表示された金額をご確認の上、自動改札機と同じように音が鳴るまでSuicaをタッチするだけでお支払いが完了します。 【関連リンク】 Suica－お買い物 詳細表示

No：1043 公開日時：2021/10/25 10:00 更新日時：2022/11/16 13:54 カテゴリー： Suicaの利用"
138,"無料のサービスです。ただし、事前申込を実施する際に要した通信料や通話料はお客さま負担となります。 詳しくは関連リンクをご確認ください。 【関連リンク】 JREおでかけサポートをご利用のお客さまへ 詳細表示

No：3309 公開日時：2024/02/26 06:00 カテゴリー： バリアフリー"
139,"あいにく、ベビーカーを車内でお預かりさせていただくサービスはございません。 車内ではお客さまご自身で管理していただきますようお願いいたします。 詳細表示

No：2972 公開日時：2023/03/27 10:00 カテゴリー： バリアフリー"
140,"弊社ウェブサイトの「ニュースリリース」にて随時「臨時列車のお知らせ」として掲載するほか、「鉄道・きっぷの予約」カテゴリ内にある「臨時列車のお知らせ」ページでもお知らせいたします。 【関連リンク】 ニュースリリース 臨時列車のお知らせ 詳細表示

No：1118 公開日時：2022/04/15 10:00 更新日時：2022/06/29 11:23 カテゴリー： プレスリリース"
141,"共生社会の実現に向けて、すべてのお客さまに安心してご利用いただける快適な鉄道づくりは、当社のサービスに欠かせない要素となっています。 さらに高いレベルで鉄道の快適性や利便性を実現するため、さまざまな取り組みを進めています。 具体的には、バリアフリー法（高齢者、障害者等の移動等の円滑化の促進に関する法律）対... 詳細表示

No：1095 公開日時：2023/03/27 10:00 カテゴリー： バリアフリー"
142,"指定された列車の発車時刻の前であれば、何回でも変更できます。 変更の際は「きっぷ」本券と出発前の指定席券を窓口にお持ちください。 詳細表示

No：995 公開日時：2024/03/12 10:00 カテゴリー： きっぷの購入・変更・払い戻し"
143,"指定学校にかかわる申請は、以下の箇所で郵送のみ受付を行っております。申請書面に職印を押下のうえ、関係資料を添付し、郵送での申請をお願いします。なお、手続き完了まで約２~3箇月かかりますので、あらかじめご了承ください。 【送付先】 〒114-8550 東京都北区東田端二丁目20番68号 東日本旅客鉄道株式... 詳細表示

No：3267 公開日時：2023/12/21 18:00 更新日時：2024/03/04 16:07 カテゴリー： 営業制度"
144,"すべての新幹線に車いす対応座席の設備がございます。 ただし、「やまびこ」「なすの」の一部列車につきましては、車イス対応座席のある号車が自由席で運行される場合がございます。この場合、前もって車イス対応座席をご予約いただくことができません。ほかのお客さまがお座りになっていなければ、ご利用いただけます。 詳細表示

No：2982 公開日時：2023/12/08 10:00 カテゴリー： 車内設備・サービス"
145,"一部の駅ではございますがベビーカーレンタルサービス「ベビカル」がございます。(有料・予約制） 貸し出し場所や利用方法、料金等の詳細については関連リンクをご確認ください。 【関連リンク】 ベビカル 詳細表示

No：2911 公開日時：2023/03/27 10:00 カテゴリー： 駅設備・サービス"
146,"Suica電子マネー導入については、以下のリンク「Suica電子マネー導入のご案内」・「Suica電子マネー導入に関するお問い合わせ先」にてご案内を掲載しておりますので、ご確認いただきますようお願いいたします。 【関連リンク】 Suica電子マネー導入のご案内 Suica電子マネー導入に関するお問い合わ... 詳細表示

No：2430 公開日時：2022/11/28 10:15 更新日時：2023/07/14 16:54 カテゴリー： その他"
147,"「JR EAST PASS」をはじめとした訪日・在留外国人向けフリーパスなどの販売や引換を行っております。 また、JR-EAST Train Reservation に関するご案内も行っております。 弊社WEBサイト駅たびコンシェルジュをご確認ください。 【関連リンク】 駅たびコンシェルジュ 詳細表示

No：1538 公開日時：2024/03/16 00:00 カテゴリー： 旅行  ,  駅たびコンシェルジュ"
148,"「駅別乗車人員」は、各駅で新幹線及び在来線へ乗車されたお客さまの数を集計しており、当該駅から新幹線にご乗車されたお客さまが含まれています。なお、「新幹線駅別乗車人員」は、当該駅から新幹線にご乗車されたお客さまのほか、ほかの駅から乗車し新幹線へ乗換えたお客さまが含まれています。 詳細表示

No：1499 公開日時：2021/06/30 11:00 カテゴリー： その他のお問い合わせ"
149,"JR東日本ホテルズとして様々な業態のホテルを展開しており、その多くは駅の近くにあります。 （1）東京駅丸の内駅舎の中に位置し、100年以上の歴史を有する「東京ステーションホテル」 （2）首都圏や県庁所在地、新幹線停車駅を中心に展開している「メトロポリタンホテルズ」 （3）宿泊機能を主体とし、... 詳細表示

No：1106 公開日時：2021/06/04 20:15 更新日時：2022/07/13 17:52 カテゴリー： ホテル"
150,"のマークが掲出されているお店で、Suicaをお買い物にご利用になれます。 また、マーク、マーク、マーク、マーク、マーク、マーク、マーク、マークのあるお店でもお買い物にご利用になれます。 詳細表示

No：1044 公開日時：2021/12/17 19:00 更新日時：2022/11/16 13:55 カテゴリー： Suicaの利用"
151,"「えきねっと」ホームページ のえきねっとQ＆Aよくあるご質問をご覧いただきますようお願いいたします。 【関連リンク】 えきねっとQ＆Aよくあるご質問 https://secure.okbiz.jp/eki-net/?site_domain=default 詳細表示

No：999 公開日時：2022/01/11 10:00 更新日時：2024/06/06 14:02 カテゴリー： えきねっと"
152,"Apple PayでのSuicaサービスについては、弊社ウェブサイトでご覧いただけます。 詳細については、下記リンク「Apple PayでのSuicaサービス」をご覧ください。 また、「よくあるご質問」もあわせてご覧ください。 【関連リンク】 Apple PayでのSuicaサービス Suica... 詳細表示

No：957 公開日時：2023/11/28 10:00 更新日時：2023/11/28 15:07 カテゴリー： その他"
153,"弊社ウェブサイトで、報道機関向けに発表している資料（プレスリリース）を掲載しておりますのでご覧ください。 【関連リンク】 ニュースリリース 詳細表示

No：951 公開日時：2022/04/11 18:00 更新日時：2022/06/29 11:20 カテゴリー： プレスリリース"
154,"JR東日本では、鉄道を安心してご利用いただくための取り組みの一環として、新幹線の全編成、新幹線の停車駅ならびにお客さまのご利用の多い在来線の駅などにAEDを設置しております。設置駅の詳細につきましては関連リンクをご確認ください。 【関連リンク】 AED（自動体外式除細動器）設置のご案内 詳細表示

No：2886 公開日時：2023/03/15 10:00 カテゴリー： 駅設備・サービス"
155,"㈱JR東日本びゅうツーリズム&セールス企画実施の添乗員付きプラン、団体旅行を取り扱っております。 個人型JR付旅行プランや宿泊のみの旅行プランなどは取り扱っておりませんが、インターネット商品「JR東日本びゅうダイナミックレールパック」の予約方法等についてスタッフがサポートさせて頂きます。 詳細表示

No：1536 公開日時：2022/04/13 14:00 更新日時：2022/07/13 16:21 カテゴリー： 旅行  ,  駅たびコンシェルジュ"
156,"JR東日本の駅にある観光情報発信や各種旅行相談を行う店舗です。「私の行きたい」が見つかるをコンセプトに、東日本各地でコンシェルジュが充実した観光のご案内を行います。 弊社WEBサイト駅たびコンシェルジュもご確認ください。 駅たびコンシェルジュ 詳細表示

No：1533 公開日時：2022/04/13 14:00 更新日時：2022/07/13 16:20 カテゴリー： 旅行  ,  駅たびコンシェルジュ"
157,"「ジパング倶楽部」は、満65歳以上の方がご入会いただけます。 主な特典としては、 ・日本全国のJR線の割引（一部ご利用になれない列車等があります） ・楽しい旅の会員誌「ジパング倶楽部」のご送付またはデジタルコンテンツでの配信 …などがございます。 【関連リンク】 ジパング倶楽部 詳細表示

No：1157 公開日時：2024/04/01 10:00 カテゴリー： おトクなきっぷ"
158,"JR東日本国内ツアーについては、弊社ウェブサイトでご覧いただけます。詳細については、下記リンク「JR東日本国内ツアー」をご覧ください。 また、「JR東日本国内ツアーよくあるご質問」もあわせてご覧ください。 【関連リンク】 JR東日本国内ツアー JR東日本国内ツアー よくあるご質問 詳細表示

No：1104 公開日時：2021/12/17 18:50 更新日時：2022/07/13 16:19 カテゴリー： 旅行商品"
159,"JR東日本グループレポートにつきましては、弊社ウェブサイトの「IR情報－財務情報－JR東日本グループレポート（旧・アニュアルレポート）」にてご覧いただけます。 （英語版をPDFファイルにてご提供しております） 【関連リンク】 JR東日本グループレポート（旧・アニュアルレポート） 詳細表示

No：1101 公開日時：2021/10/25 10:00 更新日時：2022/11/17 20:14 カテゴリー： 企業・IR情報"
160,"大変申し訳ありませんが、駅や列車内の広告物につきましては、広告主などに権限があるため、弊社から差し上げることができません。 ご希望にお応えできず誠に恐縮ではございますが、何卒ご理解賜りますようお願い申し上げます。 詳細表示

No：1074 公開日時：2018/07/05 09:43 更新日時：2022/07/13 17:50 カテゴリー： その他のお問い合わせ"
161,"札幌市交通局や新潟交通等で、Suicaや、PASMO、Kitaca、manaca、ICOCA、TOICA、SUGOCA、nimoca、はやかけんはご利用いただけますが、SAPICAやりゅーとは、Suicaエリアや、PASMOエリア、Kitacaエリア、manacaエリア、TOICAエリア、PiTaPaエリア、IC... 詳細表示

No：1010 公開日時：2023/11/29 10:00 カテゴリー： ICカードの相互利用サービス"
162,"旅の様々な情報は、弊社ウェブサイトの「エリア・観光」にてご案内しております。 【関連リンク】 エリア・観光 詳細表示

No：1103 公開日時：2022/11/30 10:00 カテゴリー： 旅行商品"
163,"個人情報の取扱いにつきましては、個人情報保護法（個人情報の保護に関する法律）をはじめとした関係法令の趣旨に沿って社内体制を整備の上、厳正に管理しております。 JR東日本における個人情報取扱いの基本指針については、下記リンクをご覧ください。 【関連リンク】 個人情報の取扱いに関する基本方針 詳細表示

No：1077 公開日時：2021/12/17 19:00 更新日時：2022/07/05 09:44 カテゴリー： その他のお問い合わせ"
164,"便利なアプリや、楽しめるアプリ等があります。 ご利用ください。 【関連リンク】 公式スマートフォンアプリ一覧 詳細表示

No：990 公開日時：2021/10/25 10:00 更新日時：2022/07/05 10:35 カテゴリー： その他のお問い合わせ"